prompt_id	stratum	reason
671932b9-1691-4665-a258-272955affe2d	overlap	no-word
81948ee0-22f3-4351-a38b-0d74dd717abd	overlap	no-word
94564cab-27ca-4083-9a27-17767924d016	overlap	no-word
b12b175c-edc1-4d8c-8d24-67ef92e0d0bf	overlap	no-word
bf06161e-7a73-4256-bd58-6b7444fd9bbc	overlap	no-word
d9333a98-5687-4c47-9492-826b76b99ec6	overlap	no-word
e9cf0270-bbb7-4060-a0aa-9f8de8ef0cb8	overlap	no-word
09e87186-4e78-4c95-a54a-1121eaac6fa3	silent	bare-command
204ced24-a7db-4a33-93d2-d401f39b8f2c	silent	bare-command
48f85a9b-8354-411b-8b2a-49c01e465e5b	silent	bare-command
4f87ae38-1c12-4853-8551-3577376e6732	silent	bare-command
50aac577-c446-441d-a525-4119dfe35fd4	silent	bare-command
7e76aa36-4a34-49da-a0b1-33151b392e09	silent	bare-command
9b2063c9-996a-4434-aa6d-19dd7d6f41c7	silent	bare-command
acd2b177-efff-4bc6-a7f3-805fbff5a9d9	silent	bare-command
d837a258-a880-4e01-b613-418a4e3fb349	silent	bare-command
e04516cc-901c-48fd-b23d-7308b0e63cfe	silent	bare-command
fe192004-8169-4e5f-a96e-69a3b4376207	silent	bare-command
083d0270-6e3d-4989-af24-0e0c01ab4c6c	silent	no-word
0b487e52-31e8-4f93-a8e0-aa37696bd67e	silent	no-word
100b11cb-4869-45b1-9eba-a1ae24682c9d	silent	no-word
155fc27b-6ff8-4efa-bf32-9f0eb2224e74	silent	no-word
272d1931-ac9f-4cac-9a19-6db6c40a04b0	silent	no-word
30844e48-6ce7-4706-9c5a-0ebeecd77ae4	silent	no-word
3966fb22-76cf-4732-907b-9c48f76242a4	silent	no-word
3d0f757e-8ee3-4856-ba2e-36f6518e7d67	silent	no-word
534be673-3234-430f-ab5b-52ef69bbc477	silent	no-word
5c2b2dfe-f206-4b6c-991b-5124b6faa8b2	silent	no-word
648d841b-12c9-4244-9175-78f73fb4916c	silent	no-word
66545c03-58eb-4d84-8129-fbd423368cbe	silent	no-word
66f651f7-b2c6-4cb3-a0a7-bc1f7d24ccf8	silent	no-word
78339c2f-91db-4ee8-baec-8dc60afabd3f	silent	no-word
801ebe6e-95e8-4e1b-a749-2eb936b2036c	silent	no-word
8b8a4c79-f29c-4bfb-bb2e-6b75b51d0530	silent	no-word
9c774351-d74c-4673-ad12-627cec2a35af	silent	no-word
eb759f7d-7323-47f7-ae2e-7fbe7605f3c5	silent	no-word
edee940c-7417-4b92-84d3-947525c3f4fa	silent	no-word
f9fa3f52-de62-4b17-918a-0fd07f01ffa1	silent	no-word
