prompt_id	stratum
e4b3236c-3075-4a95-892d-9e3c9f82fc1c	silent
9fcb076f-6717-43a0-a6dd-9c1182de9635	silent
b0adaaa3-d10b-466e-aef0-b2419ca39439	silent
9ca6f765-4ed6-4e32-b229-c41f0b48d1fe	silent
693d70a1-c679-4df2-90a9-d767566a6e6a	silent
75e94898-e960-4573-9506-b7eba8aa0853	silent
2dedfde5-d43d-4d6b-bbed-dbbbd12a369b	silent
3ea33360-f36e-4041-bd98-0f9e6856a573	silent
982d09aa-b885-42c6-b392-35f2baf0dee2	silent
6a492046-6437-4006-8213-6b0083ab1e79	silent
0d9d1d6d-e1e2-4fc1-b9d9-ea65c8ae9a4f	disjoint
e87aaf17-abac-4808-aa17-057349bbb37d	disjoint
35a10490-08f7-4717-98e7-f0097cdbf661	disjoint
a08f5ce0-a20f-4ed1-a906-02b311a807d6	disjoint
1c7ae7b7-5859-4563-86b7-399671767584	disjoint
6dbfc562-a3cf-4c68-8da8-826c7ece8bcb	disjoint
adb09914-b963-4b6f-9c78-1e0626a16897	disjoint
5118ad3d-d9d3-4246-a56a-6d88464002ad	disjoint
f3a5ab25-3d0f-4bd6-b71b-cdaf03a691dd	disjoint
f771f090-f0a1-4b34-9821-a35a555162fe	disjoint
bf495883-ac62-4dc0-8546-243395c82d48	overlap
22b16dec-d4a3-4546-9280-2d100e892c6d	overlap
cbbe2b9e-1b48-4d22-a5bc-41c456dc9a43	overlap
2705038f-5c1f-4b78-a141-c070575833bc	overlap
f8891b49-edba-4c13-a347-f3ebf099cc67	overlap
5279fedb-d1e3-42b0-b598-9c17a032c016	overlap
0b0af4fa-f547-4597-b3b0-074683f20f83	overlap
c0dfd1d3-0170-4203-87af-cba3c90c719a	overlap
9ebf59af-4e6e-4200-bb19-4abb516a242c	overlap
1618ecd4-9e4e-4186-870f-1194c5c39f41	overlap
