prompt_id	item	value
01cad042-e1fc-4ec1-9f6f-0fe4e619d683	docs/obligations/0186-a-facet-only-entry-has-no-kind-and-the-entry-anatomy-asks-for-two-things-that-presume-one.md	0
06bfce06-0be1-4fce-b2c0-8f37139ec8cb	docs/evaluations/the-build-order-as-a-multi-agent-system.md	0
084074fc-544e-4f2f-a400-e4d09118d8c9	docs/process/decisions/0014-the-boundary-against-a-fork-is-the-approval-of-outside-runs-and-a-person-reads-a-github-diff-before-approving-one.md	0
084074fc-544e-4f2f-a400-e4d09118d8c9	missing	0
0ca92e4c-f2ed-4b81-98cd-162a5452e0fb	missing	0
0cc7c086-9900-433c-991d-f0b7d84004d5	docs/obligations/0207-the-plan-usage-of-one-issue-is-known-only-as-the-average-of-its-run.md	1
0d9d1d6d-e1e2-4fc1-b9d9-ea65c8ae9a4f	docs/process/evaluations/one-clone-many-agents-how-this-repository-isolates-the-sessions-that-build-it.md	1
0d9d1d6d-e1e2-4fc1-b9d9-ea65c8ae9a4f	missing	0
0f0a4d44-4f13-4519-88ff-c622434dfe39	docs/obligations/0035-section-contracts-in-the-base.md	1
0f0a4d44-4f13-4519-88ff-c622434dfe39	docs/obligations/0107-the-base-package-ships-a-kind-that-the-scaffolder-refuses-to-write.md	2
10229a0d-9a3b-40a6-bf7c-6a49ffe276b5	docs/acceptance-criteria/0002-every-required-section-of-every-governed-document-has-a-heading.md	2
10229a0d-9a3b-40a6-bf7c-6a49ffe276b5	docs/obligations/0080-changed-only-is-the-content-addressed-cache-under-another-name.md	0
10229a0d-9a3b-40a6-bf7c-6a49ffe276b5	docs/process/decisions/0020-merges-go-through-the-github-merge-queue-one-squash-commit-per-pull-request.md	2
10229a0d-9a3b-40a6-bf7c-6a49ffe276b5	docs/process/explanations/where-a-ci-job-runs.md	0
10229a0d-9a3b-40a6-bf7c-6a49ffe276b5	docs/requirements/0002-every-document-of-a-kind-that-requires-sections-carries-all-of-them.md	2
10229a0d-9a3b-40a6-bf7c-6a49ffe276b5	missing	0
129e193b-287d-4320-b643-c17aa3158ac5	docs/evaluations/first-contact.md	1
129e193b-287d-4320-b643-c17aa3158ac5	missing	1
13fdb148-2c6d-4c57-a680-8824cf75cfc0	missing	0
152d5c7f-35de-44b7-9e25-6f6785c1b6f3	docs/obligations/0212-ci-done-sh-reads-a-cancelled-run-of-another-branch-as-a-red-result-on-a-main-merge-commit.md	1
152d5c7f-35de-44b7-9e25-6f6785c1b6f3	docs/process/decisions/0017-ci-concurrency-is-per-ref-and-every-ref-but-main-cancels-a-superseded-run.md	1
152d5c7f-35de-44b7-9e25-6f6785c1b6f3	docs/process/decisions/0020-merges-go-through-the-github-merge-queue-one-squash-commit-per-pull-request.md	2
183ca890-7cce-49b9-8955-f2b66ef63bf4	docs/obligations/0221-subagents-read-skills-from-the-shared-checkout-and-a-worktree-isolated-integrator-cannot-fast-forward-it-after-a-merge.md	1
1b27cda3-394e-49aa-bbbc-0f8a6ec633b9	docs/evaluations/why-corpus-counts-are-derived-not-stored.md	0
1b27cda3-394e-49aa-bbbc-0f8a6ec633b9	docs/process/obligations/0207-the-plan-usage-of-one-issue-is-known-only-as-the-average-of-its-run.md	1
1bad8db6-9a9c-44ca-9d0b-4b1769a758e3	docs/obligations/0198-nothing-states-how-much-of-a-session-s-budget-the-standing-instructions-consume-before-work-starts.md	0
1bad8db6-9a9c-44ca-9d0b-4b1769a758e3	sealed:8be88dd1186c8a1f	0
1bad8db6-9a9c-44ca-9d0b-4b1769a758e3	sealed:c6ba70c07cf351fd	0
1bad8db6-9a9c-44ca-9d0b-4b1769a758e3	sealed:eb96dafe822d6b36	0
1bad8db6-9a9c-44ca-9d0b-4b1769a758e3	sealed:f2c8aa2c08e9145f	0
1c07bbf0-d071-49fb-9385-b28587ba3886	docs/obligations/0223-no-run-measures-whether-the-documents-under-docs-change-what-an-agent-builds.md	0
1c07bbf0-d071-49fb-9385-b28587ba3886	docs/process/decisions/0006-the-entrypoint-keeps-its-name-and-becomes-a-resumable-run.md	1
1c07bbf0-d071-49fb-9385-b28587ba3886	docs/process/decisions/0022-the-verify-and-rework-loop-for-one-issue-runs-below-the-parent.md	0
1e1b7af7-4450-4cca-b4f5-79a03ea0cf0f	docs/obligations/0212-ci-done-sh-reads-a-cancelled-run-of-another-branch-as-a-red-result-on-a-main-merge-commit.md	1
1e1b7af7-4450-4cca-b4f5-79a03ea0cf0f	docs/process/decisions/0017-ci-concurrency-is-per-ref-and-every-ref-but-main-cancels-a-superseded-run.md	0
1e1b7af7-4450-4cca-b4f5-79a03ea0cf0f	docs/process/decisions/0020-merges-go-through-the-github-merge-queue-one-squash-commit-per-pull-request.md	2
1ed30891-37ca-47fb-ab17-e170606d974b	docs/obligations/0135-repo-cleanup-names-one-cause-for-a-gone-upstream-and-this-repository-produced-a-second.md	1
1edbe49c-f15b-4e7d-be4d-e96186e5aadd	docs/evaluations/the-build-order-as-a-multi-agent-system.md	0
1edbe49c-f15b-4e7d-be4d-e96186e5aadd	docs/spec/17-orchestration-architecture.md	0
1ff7bf74-2e5e-48f0-b75d-7de58c448621	docs/obligations/0043-two-meta-schema-surfaces-have-a-required-declaration.md	0
1ff7bf74-2e5e-48f0-b75d-7de58c448621	docs/obligations/0174-publishing-the-base-package-reports-51-references-that-resolve-nowhere-and-exits-0.md	0
1ff7bf74-2e5e-48f0-b75d-7de58c448621	missing	1
20232533-3181-42cd-a0b8-9ace23b6e12f	docs/decisions/0082-the-resolved-taxonomy-is-drawn-by-a-verb-that-prints-mermaid-and-writes-no-file.md	2
21d103ae-76b2-4acd-af44-449e1485cdea	missing	0
22b16dec-d4a3-4546-9280-2d100e892c6d	docs/decisions/0097-a-figure-on-a-hand-built-page-is-measured-when-the-site-is-published-and-the-committed-page-carries-none.md	0
22b16dec-d4a3-4546-9280-2d100e892c6d	docs/process/decisions/0017-ci-concurrency-is-per-ref-and-every-ref-but-main-cancels-a-superseded-run.md	1
23860787-19c5-4a44-ab16-0778d943e30d	docs/process/obligations/0207-the-plan-usage-of-one-issue-is-known-only-as-the-average-of-its-run.md	0
257e2eeb-7362-4673-847f-b83e9eafed1b	missing	0
26431910-9d54-4988-8b0d-c77ff22a29ee	docs/requirements/0002-every-document-of-a-kind-that-requires-sections-carries-all-of-them.md	1
27a47a29-4e8c-44e9-b0aa-318b7947460b	docs/spec/16-harness-support.md	0
28a3c2c3-0df4-4058-b795-cc687bfaf7e5	missing	0
2a76a868-50e7-4df8-976d-1d859562d69d	docs/spec/13-open-obligations.md	0
2a83dbe5-44b1-4704-afa9-2f83468dade1	docs/obligations/0147-the-skills-fixture-suite-passes-on-an-empty-input-set-and-always-fails-in-a-clone-that-has-not-built-the-engine.md	0
2a83dbe5-44b1-4704-afa9-2f83468dade1	docs/obligations/0198-nothing-states-how-much-of-a-session-s-budget-the-standing-instructions-consume-before-work-starts.md	1
2bd543e8-7824-4c6d-a80b-c3f4e086a776	missing	1
2dedfde5-d43d-4d6b-bbed-dbbbd12a369b	docs/evaluations/the-build-order-as-a-multi-agent-system.md	1
2e1069bc-3754-4e4a-9df3-7436fabae693	docs/obligations/0108-an-agent-writes-the-acceptance-stamp-of-every-document-in-this-corpus.md	0
2fb8ad57-f7fe-47b5-a49e-3104dfb56bf4	docs/process/decisions/0023-a-build-order-parent-restarts-every-few-merges-drains-to-zero-first-and-resumes-from-the-handover-files-on-disk.md	1
2fe88d40-d903-4a5d-b8c8-58412665c984	docs/decisions/0034-q34-whether-acceptance-means-merged-to-main-and-what-an-agent-may-write-before-that.md	0
2fe88d40-d903-4a5d-b8c8-58412665c984	missing	0
315932ba-0c5d-4815-9e01-c394df6c0d7b	missing	0
32a40f45-cf85-4cc7-a0ef-f7fc442da2e2	docs/obligations/0198-nothing-states-how-much-of-a-session-s-budget-the-standing-instructions-consume-before-work-starts.md	0
32a40f45-cf85-4cc7-a0ef-f7fc442da2e2	missing	1
33c59ae4-50cf-432d-8f24-901d5dc96346	missing	0
354a7581-8e87-4329-84de-38f9c3525fc5	missing	0
35f78bb0-038e-4262-a8c8-387c3c064903	sealed:888c56dfa2d4f1c4	0
36724724-36f8-4cee-8fed-dfb996cd974b	docs/obligations/0221-subagents-read-skills-from-the-shared-checkout-and-a-worktree-isolated-integrator-cannot-fast-forward-it-after-a-merge.md	0
36724724-36f8-4cee-8fed-dfb996cd974b	docs/process/decisions/0017-ci-concurrency-is-per-ref-and-every-ref-but-main-cancels-a-superseded-run.md	1
36724724-36f8-4cee-8fed-dfb996cd974b	missing	1
37cf6ca1-6f50-4fbe-ad28-34743dd51df6	docs/process/obligations/0213-ci-builds-no-mkdocs-site-so-a-generated-page-under-docs-is-never-checked-against-a-strict-build-before-merge.md	0
3ab2fb2b-f2a7-429b-a6a6-770681f88ecb	docs/decisions/0032-q32-which-test-the-self-audit-label-states.md	1
3ab2fb2b-f2a7-429b-a6a6-770681f88ecb	docs/interfaces/headwater-probe.md	2
3b632708-cf82-42cf-8533-d79588d4ff00	docs/obligations/0216-two-merge-hooks-of-this-repository-print-a-resolve-flag-that-the-verb-refuses.md	0
3b632708-cf82-42cf-8533-d79588d4ff00	docs/process/decisions/0020-merges-go-through-the-github-merge-queue-one-squash-commit-per-pull-request.md	2
3e69f8d7-8344-4534-bd06-76025eeb5552	docs/evaluations/the-measurement-layer.md	0
3e69f8d7-8344-4534-bd06-76025eeb5552	docs/obligations/0207-the-plan-usage-of-one-issue-is-known-only-as-the-average-of-its-run.md	1
3e69f8d7-8344-4534-bd06-76025eeb5552	docs/obligations/0209-a-build-order-dispatch-passes-no-isolation-so-a-stage-can-inherit-the-parent-worktree-as-its-working-directory.md	0
3f0c59cd-a7f3-4518-8d30-4ea4efdc52d0	docs/evaluations/n8n-worked-example.md	0
3f0c59cd-a7f3-4518-8d30-4ea4efdc52d0	docs/obligations/0071-a-corpus-scoped-check-makes-the-coverage-rule-unreachable.md	0
3f0c59cd-a7f3-4518-8d30-4ea4efdc52d0	missing	0
41ca5ace-b2da-4d8f-926d-d9c58ca37064	docs/process/decisions/0017-ci-concurrency-is-per-ref-and-every-ref-but-main-cancels-a-superseded-run.md	0
41ca5ace-b2da-4d8f-926d-d9c58ca37064	missing	0
4626b769-c921-4189-945d-4d287ed5791e	docs/process/obligations/0203-three-small-run-tooling-gaps-from-run-20260922-1121-filed-together.md	0
48789962-e9fe-4468-93ff-071a877d6cc5	docs/spec/09-decisions.md	0
49702949-98f3-4611-a859-a12c00881f13	missing	0
4c6f1466-bd3a-4cfe-85c8-21c2aca1a55e	sealed:9ecf91cd30219128	0
4d1a84fd-cb2d-438a-9895-528f956c94e0	docs/decisions/0088-an-engine-release-and-a-taxonomy-release-have-disjoint-tag-namespaces-and-are-cut-independently.md	1
4d1a84fd-cb2d-438a-9895-528f956c94e0	docs/subsystems/taxonomy-distribution-and-audit.md	1
4eaf3ef4-3d52-437a-8001-4b1857d40814	docs/process/decisions/0007-a-background-wait-caps-below-the-cache-lifetime-and-re-issues-itself.md	0
4fac2886-577e-449f-9eb6-2683cb8e2ee5	docs/process/decisions/0007-a-background-wait-caps-below-the-cache-lifetime-and-re-issues-itself.md	1
4fac2886-577e-449f-9eb6-2683cb8e2ee5	missing	0
5111695a-830e-4e0f-81fa-abb093a18888	docs/interfaces/headwater-check.md	1
5111695a-830e-4e0f-81fa-abb093a18888	missing	0
51fc8a45-12f2-429d-9916-5902bc4f8ec3	docs/obligations/0200-three-graded-regression-runs-are-owed-a-fresh-recording-against-a-moved-taxonomy-lock.md	0
51fc8a45-12f2-429d-9916-5902bc4f8ec3	missing	0
526f2069-1c78-44bb-bb9f-abc01f5ca21f	docs/obligations/0163-ten-decision-records-claim-a-q-number-the-decision-register-does-not-carry.md	0
526f2069-1c78-44bb-bb9f-abc01f5ca21f	sealed:9d58ddffe44921d4	1
5279fedb-d1e3-42b0-b598-9c17a032c016	docs/process/decisions/0006-the-entrypoint-keeps-its-name-and-becomes-a-resumable-run.md	1
531c8a4d-06dc-4024-b794-3f92d66e5186	docs/interfaces/headwater-check.md	0
53df1b48-0784-49df-9a34-fa89c0f565d3	missing	1
5a6d33ac-4f6a-4113-8aa0-2af1f15eebaa	docs/process/evaluations/two-triggers-one-verdict-how-this-repository-s-ci-decides-where-a-job-runs-and-what-it-trusts.md	0
5a6d33ac-4f6a-4113-8aa0-2af1f15eebaa	docs/process/explanations/where-a-ci-job-runs.md	0
5b459d10-c106-48e9-b916-40b909c279ec	docs/process/decisions/0017-ci-concurrency-is-per-ref-and-every-ref-but-main-cancels-a-superseded-run.md	0
5e7aa005-8c6f-4678-9591-2218f737eab2	docs/decisions/0044-q44-whether-bundles-decompose-into-capabilities-and-assemblies-compose-practices.md	2
5e7aa005-8c6f-4678-9591-2218f737eab2	docs/obligations/0036-identity-below-the-grain-of-a-document.md	0
5e7aa005-8c6f-4678-9591-2218f737eab2	missing	0
63f38ad1-8634-4782-a470-2f7fc8ea2e95	docs/process/obligations/0203-three-small-run-tooling-gaps-from-run-20260922-1121-filed-together.md	1
6753227a-ac73-4879-b730-46a29d2e5540	missing	1
693d70a1-c679-4df2-90a9-d767566a6e6a	missing	0
6f175ad6-9e85-4c9d-bb25-95c0b1526825	docs/process/decisions/0017-ci-concurrency-is-per-ref-and-every-ref-but-main-cancels-a-superseded-run.md	0
6f5971a9-e714-4878-b81a-e91846e42bad	docs/obligations/0212-ci-done-sh-reads-a-cancelled-run-of-another-branch-as-a-red-result-on-a-main-merge-commit.md	1
6f5971a9-e714-4878-b81a-e91846e42bad	missing	0
73a9c168-1b85-4631-8b94-c71d33630c54	docs/process/specs/orchestration-architecture.md	1
73a9c168-1b85-4631-8b94-c71d33630c54	docs/spec/15-the-recorder-contract.md	0
73a9c168-1b85-4631-8b94-c71d33630c54	missing	0
73d8793e-e181-40cb-ad02-6f25f76183cd	missing	0
775fcf74-9dd9-4f9d-8ca0-ce7bf48f2590	docs/obligations/0132-survey-the-wiring-decisions-of-main-rs-verb-by-verb-and-cover-the-quiet-ones.md	0
776c244c-e15a-45d1-ae7b-223a4a8c8601	docs/decisions/0030-q30-whether-what-an-obligation-waits-on-is-a-state-or-a-property-and-how-many-values-it-takes.md	1
776c244c-e15a-45d1-ae7b-223a4a8c8601	missing	1
7b1269c7-0b75-43fe-a8b4-a77c45e780d4	docs/decisions/0032-q32-which-test-the-self-audit-label-states.md	0
7b1269c7-0b75-43fe-a8b4-a77c45e780d4	docs/obligations/0178-the-every-instance-report-detail-reaches-four-test-files-and-no-caller-outside-them.md	1
7ce7bfb6-5c43-45e2-8f3d-9b5ac92ddfb1	docs/evaluations/the-build-order-as-a-multi-agent-system.md	1
7ce7bfb6-5c43-45e2-8f3d-9b5ac92ddfb1	docs/interfaces/headwater-capture.md	0
7d07d4c5-a80c-4311-baec-0c82f82f97b9	docs/process/obligations/0207-the-plan-usage-of-one-issue-is-known-only-as-the-average-of-its-run.md	1
7de8a2c9-e32a-41b6-bb37-98b72d778ba8	docs/obligations/0211-two-hand-remedy-lines-for-hw-cargo-in-hw-run-policy-may-no-longer-earn-their-cost-on-every-dispatch.md	0
7de8a2c9-e32a-41b6-bb37-98b72d778ba8	docs/requirements/0002-every-document-of-a-kind-that-requires-sections-carries-all-of-them.md	0
7de8a2c9-e32a-41b6-bb37-98b72d778ba8	missing	1
8187473d-cf74-4bae-bdae-7e0bb0185d46	docs/obligations/0167-the-default-branch-requires-no-approving-review-which-is-the-condition-hw-dr-0034-named-as-reopening-it.md	0
81f02aec-c93a-4aff-b6a8-e0f2b555bab9	docs/obligations/0221-subagents-read-skills-from-the-shared-checkout-and-a-worktree-isolated-integrator-cannot-fast-forward-it-after-a-merge.md	0
84a32b99-86c8-46c1-b2d9-62bf501215cc	docs/how-to/diagnose-an-isolation-failure.md	0
86474f06-0eb9-400a-8a27-dffdd3071233	docs/process/evaluations/the-build-order-as-a-multi-agent-system.md	1
868407ff-6243-45a4-b072-0f7992b53a77	docs/process/decisions/0007-a-background-wait-caps-below-the-cache-lifetime-and-re-issues-itself.md	0
87312eb5-6f56-4eb1-8d11-7a36c711a8e7	docs/process/obligations/0210-no-fixture-holds-the-symlink-case-of-new-worktree-sh-and-a-bare-name-of-two-dots-leaves-a-branch-behind.md	1
87312eb5-6f56-4eb1-8d11-7a36c711a8e7	docs/process/obligations/0221-subagents-read-skills-from-the-shared-checkout-and-a-worktree-isolated-integrator-cannot-fast-forward-it-after-a-merge.md	0
88d5f4e6-7bb2-43bd-8461-39d27f641790	docs/evaluations/the-pointer-probe-grades-a-session-against-the-router-s-own-first-pick-so-a-correct-session-that-declines-a-wrong-pointer-fails.md	1
8df01837-06bf-4d52-98fc-70b5aae63d5e	docs/evaluations/the-build-order-as-a-multi-agent-system.md	1
8f23d5d0-5108-46da-b113-a58da9cdd557	docs/decisions/0044-q44-whether-bundles-decompose-into-capabilities-and-assemblies-compose-practices.md	1
92792b16-67f8-40a6-8f17-d445df771596	docs/process/obligations/0224-thirteen-run-tooling-gaps-from-run-20260928-1109-filed-together.md	1
92792b16-67f8-40a6-8f17-d445df771596	docs/process/obligations/0225-eight-run-tooling-gaps-from-run-20260929-1205-filed-together.md	1
983ccb69-df96-4a0c-b1bf-99e0ced18481	docs/process/decisions/0020-merges-go-through-the-github-merge-queue-one-squash-commit-per-pull-request.md	0
992d90e4-97df-4978-8153-7c5dd5ede4cc	docs/process/decisions/0019-ci-runs-actions-from-the-actions-organization-only-and-carries-no-build-state-between-self-hosted-jobs.md	1
9af484e0-2232-4085-8e13-fbd5c610940b	docs/decisions/0029-q29-whether-a-corpus-root-may-contain-code-and-what-an-interface-contract-may-reach.md	1
9af484e0-2232-4085-8e13-fbd5c610940b	docs/decisions/0073-a-verification-is-a-kind-and-its-identity-is-minted-rather-than-found-in-the-code-that-cites-it.md	0
9ebf59af-4e6e-4200-bb19-4abb516a242c	docs/process/evaluations/the-build-order-as-a-multi-agent-system.md	1
9f35561f-4378-442e-813a-1a9a1ae11973	docs/spec/17-orchestration-architecture.md	1
a0697f2c-6882-4957-a3aa-53084b680065	sealed:567169ac2b183608	0
a08937f3-63cc-4975-8ce1-3a98dfaba822	docs/decisions/0077-the-consumer-surface-is-what-an-adopter-receives-runs-and-must-have-installed-and-it-is-a-closed-and-declared-list.md	1
a25e241b-6ea4-4f2c-821a-f0fc8d130ef4	docs/process/decisions/0005-the-ledger-is-split-its-tabular-parts-are-jsonl-and-its-totals-are-derived.md	2
a25e241b-6ea4-4f2c-821a-f0fc8d130ef4	docs/process/obligations/0220-no-disk-floor-is-stated-for-a-build-order-run-and-nothing-prunes-the-cargo-pool.md	0
a5e21e81-8564-4358-af4e-307464d3fb58	docs/spec/17-orchestration-architecture.md	0
ac66cc2b-33ec-4732-861a-5cff26074b26	docs/process/decisions/0020-merges-go-through-the-github-merge-queue-one-squash-commit-per-pull-request.md	1
ad5c73fb-4116-45a1-b213-9b884145cd23	docs/spec/15-the-recorder-contract.md	0
adb09914-b963-4b6f-9c78-1e0626a16897	sealed:0a838f98685b64c2	0
adb09914-b963-4b6f-9c78-1e0626a16897	sealed:4a2e9a650e443033	0
adb09914-b963-4b6f-9c78-1e0626a16897	sealed:a0b2b85f4bdd137e	0
adb09914-b963-4b6f-9c78-1e0626a16897	sealed:b9c867920a4eb161	0
adb09914-b963-4b6f-9c78-1e0626a16897	sealed:cb632754cb51b247	0
ae638209-5d21-4af7-94fd-8ad08a6551b4	docs/process/obligations/0225-eight-run-tooling-gaps-from-run-20260929-1205-filed-together.md	1
b09276ab-140a-4aed-baed-615d28dd1698	docs/decisions/0090-each-release-states-in-its-notes-the-release-digest-that-a-consumer-pins.md	0
b09276ab-140a-4aed-baed-615d28dd1698	docs/process/decisions/0009-a-release-gets-all-its-assets-in-one-create-call-and-a-person-deletes-it-to-run-again.md	1
b09276ab-140a-4aed-baed-615d28dd1698	docs/process/obligations/0212-ci-done-sh-reads-a-cancelled-run-of-another-branch-as-a-red-result-on-a-main-merge-commit.md	0
b2a1cf53-7c00-4a47-9de1-ce3dcc5b56b9	docs/evaluations/the-measurement-layer.md	0
b2c0c915-eda3-46e8-bfd9-70b6b23ba9fe	docs/how-to/diagnose-an-isolation-failure.md	0
b2c0c915-eda3-46e8-bfd9-70b6b23ba9fe	missing	0
b3d838d8-ff63-456e-a620-ba946c4aa50c	missing	1
b44312f2-3934-4a12-a823-930ef54143ac	docs/decisions/0034-q34-whether-acceptance-means-merged-to-main-and-what-an-agent-may-write-before-that.md	0
b44312f2-3934-4a12-a823-930ef54143ac	docs/interfaces/headwater-merge-driver.md	0
b73afa8b-d293-4266-b77b-920f085b97c4	docs/process/decisions/0020-merges-go-through-the-github-merge-queue-one-squash-commit-per-pull-request.md	0
b73afa8b-d293-4266-b77b-920f085b97c4	missing	1
ba025268-0f48-4e42-bffa-6e06e1bbf61b	docs/obligations/0201-no-coverage-or-mutation-measurement-has-ever-been-taken-over-the-engine-s-test-suite.md	0
bb16702d-028d-4619-b056-17ef1745c6fd	docs/decisions/0034-q34-whether-acceptance-means-merged-to-main-and-what-an-agent-may-write-before-that.md	0
bb6317e2-d0d6-4be3-b33f-00ca1cf3a5a2	docs/decisions/0052-a-document-is-proposed-at-the-state-it-will-hold-and-the-merge-activates-it.md	0
bb6317e2-d0d6-4be3-b33f-00ca1cf3a5a2	docs/process/decisions/0017-ci-concurrency-is-per-ref-and-every-ref-but-main-cancels-a-superseded-run.md	1
bb6317e2-d0d6-4be3-b33f-00ca1cf3a5a2	docs/process/explanations/where-a-ci-job-runs.md	0
bb6317e2-d0d6-4be3-b33f-00ca1cf3a5a2	docs/process/obligations/0212-ci-done-sh-reads-a-cancelled-run-of-another-branch-as-a-red-result-on-a-main-merge-commit.md	1
bbdc9ffc-bb5e-443b-b537-560c58b99ddf	sealed:b77bc25fad7bee78	1
c08eb4bf-c6d1-4047-b60b-cadee417855c	docs/obligations/0198-nothing-states-how-much-of-a-session-s-budget-the-standing-instructions-consume-before-work-starts.md	1
c2254a5a-3473-4685-864e-3603fb189dd8	docs/process/decisions/0007-a-background-wait-caps-below-the-cache-lifetime-and-re-issues-itself.md	0
c2254a5a-3473-4685-864e-3603fb189dd8	docs/spec/17-orchestration-architecture.md	1
c29df666-be7c-4f7a-adb0-c2476758ee68	docs/spec/15-the-recorder-contract.md	1
c5bf08e7-232a-4022-9474-98d740945cb1	docs/spec/17-orchestration-architecture.md	1
c5bf08e7-232a-4022-9474-98d740945cb1	missing	0
c869ff74-a11e-4792-948d-4513de8090d1	docs/process/decisions/0020-merges-go-through-the-github-merge-queue-one-squash-commit-per-pull-request.md	2
cb86da6f-56d1-41bf-9180-f0ea018eea90	docs/obligations/0072-a-cache-of-check-results-does-not-make-a-run-proportional.md	0
cbbe2b9e-1b48-4d22-a5bc-41c456dc9a43	docs/obligations/0137-a-british-spelling-reaches-a-serialized-grain-string-so-the-rename-is-a-corpus-change-and-a-derived-bytes-change-at-once.md	0
cbbe2b9e-1b48-4d22-a5bc-41c456dc9a43	missing	0
cbef7b3f-a9a2-493e-8f2d-c60588859891	docs/process/decisions/0004-coordination-is-a-create-only-claim-and-authority-stays-on-the-tree.md	0
d027032e-a81e-48af-9cc1-a1fd1c0e2ee2	docs/obligations/0125-nine-documents-state-a-warrant-outside-the-closed-set-and-only-a-person-can-set-the-value.md	1
d04cc669-d72f-4b82-a192-23a0d4973112	docs/obligations/0108-an-agent-writes-the-acceptance-stamp-of-every-document-in-this-corpus.md	0
d133569b-86e0-4fdc-9939-2756b4551e63	sealed:567169ac2b183608	0
d1b5c2ba-389c-4635-8dff-133cb6196ecc	docs/decisions/0076-a-probe-budget-prices-a-run-identity-fixed-before-the-run-and-a-committed-transcript-and-a-sweep-has-neither.md	1
d33fff24-8e16-4c4c-ab6a-c85c1a9dbab1	missing	1
d3c9a2ee-9c73-4572-a178-3b119efcecf1	docs/process/obligations/0177-the-value-rule-writes-adopter-on-every-self-audit-record-and-most-of-them-wait-on-a-build.md	1
d457c918-cbbb-49e4-b477-dfc5efafb928	docs/decisions/0049-a-corpus-wide-fold-is-derived-and-never-stored.md	1
d457c918-cbbb-49e4-b477-dfc5efafb928	docs/interfaces/headwater-generate.md	1
d5f37f6c-eef2-4849-ab43-26f75de1c546	missing	1
d7275df9-c569-419d-addb-18597ff4fd0b	missing	1
d7370ab8-f847-4c5f-9d92-6b85c7ca33ef	docs/decisions/0090-each-release-states-in-its-notes-the-release-digest-that-a-consumer-pins.md	1
d7370ab8-f847-4c5f-9d92-6b85c7ca33ef	docs/spec/00-vision-and-scope.md	0
d8844170-3d6d-44d8-9f1a-f1c84dc012b4	docs/obligations/0207-the-plan-usage-of-one-issue-is-known-only-as-the-average-of-its-run.md	0
d8844170-3d6d-44d8-9f1a-f1c84dc012b4	missing	0
d8d709c0-267b-4a3d-8e57-9ec2a70490bb	docs/decisions/0034-q34-whether-acceptance-means-merged-to-main-and-what-an-agent-may-write-before-that.md	0
d98feed8-2032-4d52-a8e1-10e310c05849	docs/evaluations/why-corpus-counts-are-derived-not-stored.md	0
da53f52f-fe97-42b0-aaaa-12baa488cd2f	docs/decisions/0029-q29-whether-a-corpus-root-may-contain-code-and-what-an-interface-contract-may-reach.md	1
da53f52f-fe97-42b0-aaaa-12baa488cd2f	docs/obligations/0117-a-cached-verdict-about-an-anchor-survives-the-change-that-falsifies-it.md	0
da74db73-2059-442c-884e-a30208581e56	missing	0
db8e62af-829a-4e1e-a4e8-06fb258de53a	docs/interfaces/headwater-check.md	1
dcc9fc6a-69db-4276-bc5c-624de55e06a2	docs/evaluations/first-contact.md	0
dcf1853e-a231-4cbe-9bf9-800b1f9654b3	docs/process/obligations/0221-subagents-read-skills-from-the-shared-checkout-and-a-worktree-isolated-integrator-cannot-fast-forward-it-after-a-merge.md	0
deb36747-77f5-4fd7-97a8-b54eaff4fe14	docs/process/explanations/where-a-ci-job-runs.md	1
e042ac1e-5b08-46b3-8abf-68670690514b	docs/decisions/0039-q39-how-a-figure-reaches-a-hand-built-page.md	0
e0ba09be-0a5f-4f95-8817-8f462a70f8d1	docs/taxonomies/decision-record/doctrine.md	1
e5ad98e5-dd4f-492f-a82f-68a5239d7a75	docs/process/explanations/where-a-ci-job-runs.md	0
ea780d90-a719-47cc-b963-cf1f4346e6e5	docs/interfaces/headwater-explain.md	0
ee684701-3050-4225-98db-1fcb07a5eeb3	missing	0
f0a95d20-081c-4c17-9651-9227d314f2da	docs/obligations/0163-ten-decision-records-claim-a-q-number-the-decision-register-does-not-carry.md	0
f1e5eb7c-fdf0-49ab-bd73-6726838c650f	docs/spec/13-open-obligations.md	1
f3a5ab25-3d0f-4bd6-b71b-cdaf03a691dd	docs/process/obligations/0211-two-hand-remedy-lines-for-hw-cargo-in-hw-run-policy-may-no-longer-earn-their-cost-on-every-dispatch.md	0
f3a5ab25-3d0f-4bd6-b71b-cdaf03a691dd	docs/process/obligations/0224-thirteen-run-tooling-gaps-from-run-20260928-1109-filed-together.md	0
f51820f2-7d95-432e-b45d-6abcd07985ee	docs/process/decisions/0020-merges-go-through-the-github-merge-queue-one-squash-commit-per-pull-request.md	0
f51820f2-7d95-432e-b45d-6abcd07985ee	missing	0
f8891b49-edba-4c13-a347-f3ebf099cc67	docs/process/decisions/0017-ci-concurrency-is-per-ref-and-every-ref-but-main-cancels-a-superseded-run.md	0
fa61b58f-97a1-4c04-9b8e-c140d8f5b97d	docs/decisions/0030-q30-whether-what-an-obligation-waits-on-is-a-state-or-a-property-and-how-many-values-it-takes.md	1
fa61b58f-97a1-4c04-9b8e-c140d8f5b97d	missing	1
fdc2229e-887a-4b09-84e9-efe99ac2e569	docs/interfaces/headwater-site.md	1
fe93d5f7-b0af-4f93-90fd-a24718379482	docs/obligations/0211-two-hand-remedy-lines-for-hw-cargo-in-hw-run-policy-may-no-longer-earn-their-cost-on-every-dispatch.md	0
fe93d5f7-b0af-4f93-90fd-a24718379482	missing	0
